user_id,user_name,subscription_tier,avg_daily_activities,registration_date
user_1,User 1,free,49,2025-11-20
user_2,User 2,premium,169,2026-03-19
user_3,User 3,free,87,2025-12-13
user_4,User 4,free,32,2026-04-07
user_5,User 5,free,92,2026-04-11
user_6,User 6,free,96,2025-11-16
user_7,User 7,free,51,2025-12-06
user_8,User 8,free,40,2026-01-12
user_9,User 9,free,55,2026-03-31
user_10,User 10,premium,162,2025-12-07
user_11,User 11,free,99,2026-04-01
user_12,User 12,premium,188,2026-04-02
user_13,User 13,premium,135,2026-02-08
user_14,User 14,vip,447,2026-03-19
user_15,User 15,premium,171,2026-02-16
user_16,User 16,premium,165,2026-03-21
user_17,User 17,free,62,2026-01-16
user_18,User 18,premium,180,2026-02-14
user_19,User 19,free,89,2026-02-05
user_20,User 20,free,42,2026-04-17
user_21,User 21,free,59,2026-04-10
user_22,User 22,free,85,2026-02-22
user_23,User 23,free,71,2025-12-22
user_24,User 24,free,97,2025-11-23
user_25,User 25,free,40,2025-11-24
user_26,User 26,premium,193,2026-02-13
user_27,User 27,free,100,2025-11-30
user_28,User 28,free,65,2025-12-16
user_29,User 29,free,63,2026-04-18
user_30,User 30,free,39,2026-03-19
user_31,User 31,free,68,2025-12-01
user_32,User 32,premium,159,2026-04-07
user_33,User 33,premium,199,2026-01-12
user_34,User 34,free,41,2025-11-09
user_35,User 35,free,88,2025-12-08
user_36,User 36,premium,135,2025-10-26
user_37,User 37,free,82,2026-01-16
user_38,User 38,free,56,2025-11-19
user_39,User 39,free,99,2026-01-05
user_40,User 40,premium,196,2025-12-10
user_41,User 41,premium,198,2025-11-20
user_42,User 42,free,85,2026-01-24
user_43,User 43,premium,187,2026-03-11
user_44,User 44,premium,151,2026-04-20
user_45,User 45,premium,145,2025-11-19
user_46,User 46,free,42,2026-04-22
user_47,User 47,free,42,2026-02-17
user_48,User 48,free,57,2025-12-13
user_49,User 49,free,46,2026-01-27
user_50,User 50,free,96,2025-11-29
user_51,User 51,free,47,2025-12-16
user_52,User 52,free,41,2025-10-29
user_53,User 53,free,65,2026-03-16
user_54,User 54,free,31,2026-03-10
user_55,User 55,free,55,2025-12-09
user_56,User 56,free,39,2026-04-14
user_57,User 57,free,94,2025-11-28
user_58,User 58,free,83,2025-12-29
user_59,User 59,free,73,2026-04-14
user_60,User 60,vip,446,2026-01-17
user_61,User 61,free,38,2025-11-15
user_62,User 62,free,43,2026-03-31
user_63,User 63,free,81,2026-02-20
user_64,User 64,free,35,2025-12-11
user_65,User 65,free,71,2025-12-24
user_66,User 66,free,55,2026-04-14
user_67,User 67,free,59,2025-12-15
user_68,User 68,free,69,2026-02-23
user_69,User 69,premium,157,2025-12-16
user_70,User 70,free,64,2025-11-07
user_71,User 71,free,51,2026-02-12
user_72,User 72,premium,190,2026-04-04
user_73,User 73,free,41,2026-02-04
user_74,User 74,free,53,2025-10-27
user_75,User 75,free,81,2026-02-17
user_76,User 76,free,88,2026-01-13
user_77,User 77,free,80,2025-12-09
user_78,User 78,premium,147,2025-11-20
user_79,User 79,free,30,2026-04-11
user_80,User 80,premium,175,2025-11-10
user_81,User 81,premium,143,2026-02-10
user_82,User 82,free,60,2026-02-09
user_83,User 83,free,83,2026-01-07
user_84,User 84,free,95,2025-11-16
user_85,User 85,free,79,2026-01-24
user_86,User 86,premium,159,2026-01-19
user_87,User 87,free,66,2026-03-21
user_88,User 88,vip,427,2026-02-09
user_89,User 89,vip,405,2025-10-28
user_90,User 90,free,95,2025-12-25
user_91,User 91,free,100,2026-01-20
user_92,User 92,premium,160,2026-01-03
user_93,User 93,premium,137,2025-12-05
user_94,User 94,free,68,2026-04-11
user_95,User 95,free,92,2025-11-12
user_96,User 96,premium,148,2026-01-23
user_97,User 97,free,42,2025-12-19
user_98,User 98,free,40,2025-11-18
user_99,User 99,premium,137,2025-11-08
user_100,User 100,premium,195,2026-04-19
user_101,User 101,premium,177,2025-10-26
user_102,User 102,free,51,2026-02-17
user_103,User 103,free,58,2025-11-02
user_104,User 104,free,80,2025-12-24
user_105,User 105,free,88,2026-03-19
user_106,User 106,premium,192,2025-12-04
user_107,User 107,free,32,2025-11-07
user_108,User 108,premium,135,2026-01-04
user_109,User 109,free,41,2026-01-23
user_110,User 110,free,40,2026-03-21
user_111,User 111,premium,139,2026-02-09
user_112,User 112,free,100,2025-11-02
user_113,User 113,free,78,2025-11-07
user_114,User 114,free,95,2026-04-05
user_115,User 115,free,42,2026-01-21
user_116,User 116,free,87,2026-03-10
user_117,User 117,premium,133,2026-04-07
user_118,User 118,vip,447,2025-11-04
user_119,User 119,free,68,2025-11-06
user_120,User 120,free,59,2026-02-04
user_121,User 121,free,88,2025-11-07
user_122,User 122,free,89,2026-03-22
user_123,User 123,premium,174,2025-12-13
user_124,User 124,free,50,2025-11-10
user_125,User 125,free,37,2025-12-11
user_126,User 126,premium,168,2025-12-19
user_127,User 127,free,81,2026-03-29
user_128,User 128,free,78,2026-02-24
user_129,User 129,premium,165,2026-03-14
user_130,User 130,free,84,2026-02-05
user_131,User 131,vip,402,2026-01-25
user_132,User 132,free,99,2025-11-25
user_133,User 133,free,79,2026-02-15
user_134,User 134,free,75,2025-12-23
user_135,User 135,free,99,2026-04-01
user_136,User 136,free,100,2025-11-24
user_137,User 137,free,83,2026-01-28
user_138,User 138,free,61,2026-03-14
user_139,User 139,free,96,2026-04-15
user_140,User 140,premium,157,2026-04-22
user_141,User 141,premium,149,2025-11-22
user_142,User 142,free,63,2025-12-20
user_143,User 143,free,34,2025-11-24
user_144,User 144,free,76,2026-04-05
user_145,User 145,free,36,2026-02-14
user_146,User 146,free,100,2026-01-15
user_147,User 147,premium,150,2025-12-21
user_148,User 148,free,90,2025-12-16
user_149,User 149,free,30,2026-02-24
user_150,User 150,free,81,2026-01-11
user_151,User 151,free,77,2026-01-09
user_152,User 152,free,60,2026-02-28
user_153,User 153,vip,420,2026-03-21
user_154,User 154,vip,442,2026-01-20
user_155,User 155,free,35,2026-03-24
user_156,User 156,free,99,2025-11-02
user_157,User 157,free,64,2026-01-15
user_158,User 158,premium,148,2026-03-13
user_159,User 159,free,60,2025-12-01
user_160,User 160,free,33,2026-04-05
user_161,User 161,free,81,2025-10-27
user_162,User 162,free,41,2026-03-13
user_163,User 163,free,62,2026-02-05
user_164,User 164,free,61,2026-03-12
user_165,User 165,free,57,2026-01-29
user_166,User 166,free,38,2025-12-01
user_167,User 167,free,68,2026-03-14
user_168,User 168,free,60,2025-11-24
user_169,User 169,free,52,2025-12-08
user_170,User 170,free,59,2026-04-22
user_171,User 171,free,70,2025-11-18
user_172,User 172,free,96,2026-02-05
user_173,User 173,free,51,2025-10-30
user_174,User 174,free,85,2025-11-27
user_175,User 175,premium,163,2025-12-22
user_176,User 176,premium,165,2025-10-31
user_177,User 177,vip,426,2025-12-21
user_178,User 178,free,51,2025-12-17
user_179,User 179,premium,152,2025-11-05
user_180,User 180,free,82,2026-03-10
user_181,User 181,premium,186,2025-12-20
user_182,User 182,free,39,2025-11-04
user_183,User 183,free,90,2025-11-03
user_184,User 184,free,75,2025-12-28
user_185,User 185,premium,135,2026-04-17
user_186,User 186,vip,401,2026-01-05
user_187,User 187,premium,199,2025-12-09
user_188,User 188,free,99,2026-03-31
user_189,User 189,free,31,2026-03-04
user_190,User 190,free,43,2025-10-28
user_191,User 191,free,81,2025-11-25
user_192,User 192,vip,417,2025-12-23
user_193,User 193,free,72,2026-03-20
user_194,User 194,premium,182,2025-11-14
user_195,User 195,free,30,2026-04-21
user_196,User 196,free,60,2025-12-09
user_197,User 197,premium,171,2026-01-21
user_198,User 198,free,53,2026-02-15
user_199,User 199,premium,163,2026-02-22
user_200,User 200,free,61,2025-11-21
user_201,User 201,free,87,2026-01-22
user_202,User 202,free,96,2026-03-27
user_203,User 203,free,62,2026-02-06
user_204,User 204,free,84,2025-12-01
user_205,User 205,vip,448,2025-11-10
user_206,User 206,free,90,2026-03-23
user_207,User 207,vip,440,2026-03-18
user_208,User 208,free,97,2026-01-07
user_209,User 209,free,41,2025-12-01
user_210,User 210,free,74,2025-10-26
user_211,User 211,free,82,2026-02-09
user_212,User 212,free,85,2026-01-08
user_213,User 213,premium,167,2025-12-29
user_214,User 214,free,39,2025-11-07
user_215,User 215,free,80,2026-03-10
user_216,User 216,free,75,2026-03-30
user_217,User 217,free,76,2026-02-25
user_218,User 218,free,84,2026-02-25
user_219,User 219,free,49,2025-12-09
user_220,User 220,premium,183,2025-12-23
user_221,User 221,premium,199,2026-03-27
user_222,User 222,free,64,2025-11-22
user_223,User 223,free,59,2025-11-03
user_224,User 224,free,32,2026-02-27
user_225,User 225,free,93,2026-02-07
user_226,User 226,free,52,2026-02-18
user_227,User 227,free,78,2026-04-16
user_228,User 228,free,56,2025-11-15
user_229,User 229,free,74,2025-10-27
user_230,User 230,premium,196,2026-02-04
user_231,User 231,free,65,2026-01-26
user_232,User 232,free,47,2025-11-27
user_233,User 233,free,57,2025-10-25
user_234,User 234,free,89,2026-01-05
user_235,User 235,free,79,2026-04-12
user_236,User 236,free,40,2026-04-06
user_237,User 237,vip,389,2026-03-06
user_238,User 238,vip,413,2025-11-05
user_239,User 239,premium,183,2025-11-04
user_240,User 240,premium,173,2026-03-17
user_241,User 241,free,75,2026-02-14
user_242,User 242,premium,186,2025-11-20
user_243,User 243,vip,428,2026-03-22
user_244,User 244,free,34,2025-10-26
user_245,User 245,free,72,2026-03-02
user_246,User 246,free,89,2026-02-16
user_247,User 247,premium,177,2026-01-31
user_248,User 248,free,64,2026-01-18
user_249,User 249,free,81,2026-01-07
user_250,User 250,free,81,2026-03-24
user_251,User 251,premium,166,2026-01-05
user_252,User 252,free,36,2025-12-13
user_253,User 253,free,64,2026-03-04
user_254,User 254,free,100,2026-04-02
user_255,User 255,free,34,2025-12-14
user_256,User 256,vip,440,2025-10-27
user_257,User 257,premium,146,2026-02-12
user_258,User 258,premium,171,2026-03-24
user_259,User 259,free,47,2026-02-23
user_260,User 260,free,74,2025-10-25
user_261,User 261,free,68,2026-01-07
user_262,User 262,premium,146,2025-12-23
user_263,User 263,free,72,2025-12-13
user_264,User 264,free,61,2025-11-22
user_265,User 265,free,67,2025-11-06
user_266,User 266,vip,444,2025-10-30
user_267,User 267,premium,164,2026-01-17
user_268,User 268,vip,383,2025-12-02
user_269,User 269,free,41,2025-11-22
user_270,User 270,vip,400,2026-04-03
user_271,User 271,free,43,2026-02-10
user_272,User 272,premium,173,2025-11-02
user_273,User 273,premium,169,2025-12-07
user_274,User 274,free,87,2026-02-14
user_275,User 275,free,58,2026-04-03
user_276,User 276,free,75,2026-02-14
user_277,User 277,free,88,2025-12-22
user_278,User 278,premium,148,2026-02-23
user_279,User 279,free,68,2025-12-31
user_280,User 280,free,97,2026-01-24
user_281,User 281,free,51,2026-02-23
user_282,User 282,free,89,2026-03-30
user_283,User 283,free,77,2026-01-25
user_284,User 284,premium,140,2026-02-01
user_285,User 285,premium,140,2026-04-19
user_286,User 286,free,89,2026-04-22
user_287,User 287,premium,155,2026-01-25
user_288,User 288,free,97,2026-01-01
user_289,User 289,vip,424,2026-03-26
user_290,User 290,free,41,2026-01-17
user_291,User 291,free,42,2025-12-12
user_292,User 292,premium,159,2026-02-24
user_293,User 293,premium,161,2026-03-21
user_294,User 294,free,80,2025-12-11
user_295,User 295,premium,188,2026-04-18
user_296,User 296,premium,168,2026-01-14
user_297,User 297,free,66,2025-11-28
user_298,User 298,free,81,2026-01-04
user_299,User 299,premium,157,2026-03-22
user_300,User 300,free,74,2026-03-31
user_301,User 301,free,35,2025-10-25
user_302,User 302,free,39,2025-11-30
user_303,User 303,free,69,2026-02-11
user_304,User 304,free,51,2025-11-12
user_305,User 305,free,54,2026-01-25
user_306,User 306,premium,198,2026-04-21
user_307,User 307,free,76,2025-11-14
user_308,User 308,free,78,2026-04-04
user_309,User 309,premium,197,2026-03-12
user_310,User 310,free,34,2026-01-05
user_311,User 311,free,67,2025-12-23
user_312,User 312,free,89,2025-12-09
user_313,User 313,free,43,2026-04-11
user_314,User 314,free,49,2026-01-22
user_315,User 315,premium,165,2025-12-06
user_316,User 316,free,61,2026-04-04
user_317,User 317,vip,402,2026-03-11
user_318,User 318,premium,136,2026-03-06
user_319,User 319,premium,196,2025-12-19
user_320,User 320,free,88,2026-02-11
user_321,User 321,free,40,2026-01-15
user_322,User 322,free,52,2025-11-09
user_323,User 323,free,44,2025-12-05
user_324,User 324,free,90,2026-03-11
user_325,User 325,free,95,2026-04-21
user_326,User 326,free,97,2025-12-21
user_327,User 327,free,83,2025-12-21
user_328,User 328,premium,133,2026-01-01
user_329,User 329,free,56,2026-01-05
user_330,User 330,free,82,2026-04-14
user_331,User 331,free,60,2026-01-08
user_332,User 332,free,82,2025-11-12
user_333,User 333,premium,132,2026-02-16
user_334,User 334,free,45,2025-11-07
user_335,User 335,free,32,2025-11-28
user_336,User 336,premium,143,2025-11-26
user_337,User 337,premium,179,2026-02-21
user_338,User 338,premium,195,2026-02-02
user_339,User 339,premium,136,2026-01-10
user_340,User 340,free,55,2025-12-20
user_341,User 341,premium,144,2025-10-30
user_342,User 342,free,40,2026-03-04
user_343,User 343,premium,145,2025-11-16
user_344,User 344,free,48,2025-10-30
user_345,User 345,vip,413,2026-01-08
user_346,User 346,free,39,2026-04-01
user_347,User 347,free,78,2026-04-18
user_348,User 348,free,94,2026-02-21
user_349,User 349,free,54,2025-11-12
user_350,User 350,free,86,2025-12-02
user_351,User 351,free,68,2026-03-15
user_352,User 352,free,59,2026-01-15
user_353,User 353,free,31,2026-01-13
user_354,User 354,free,89,2026-02-13
user_355,User 355,premium,148,2026-01-29
user_356,User 356,premium,186,2026-03-08
user_357,User 357,free,43,2026-04-04
user_358,User 358,free,64,2026-03-31
user_359,User 359,free,72,2025-11-09
user_360,User 360,premium,132,2025-11-14
user_361,User 361,free,92,2026-03-15
user_362,User 362,free,35,2026-01-27
user_363,User 363,free,53,2026-02-05
user_364,User 364,free,97,2025-11-11
user_365,User 365,vip,437,2026-03-10
user_366,User 366,premium,177,2025-12-24
user_367,User 367,free,79,2026-04-16
user_368,User 368,free,72,2025-11-01
user_369,User 369,free,89,2026-04-08
user_370,User 370,free,33,2026-02-02
user_371,User 371,vip,409,2026-01-07
user_372,User 372,free,67,2026-02-08
user_373,User 373,free,67,2025-12-06
user_374,User 374,free,72,2026-02-23
user_375,User 375,free,65,2026-01-29
user_376,User 376,free,91,2026-04-10
user_377,User 377,free,64,2026-04-05
user_378,User 378,free,63,2025-11-25
user_379,User 379,free,53,2026-01-12
user_380,User 380,free,72,2026-02-10
user_381,User 381,premium,198,2026-02-05
user_382,User 382,free,45,2026-04-22
user_383,User 383,free,41,2026-02-02
user_384,User 384,vip,436,2026-03-09
user_385,User 385,premium,166,2025-10-31
user_386,User 386,free,30,2026-01-26
user_387,User 387,free,45,2026-03-15
user_388,User 388,vip,398,2025-11-28
user_389,User 389,vip,403,2026-02-24
user_390,User 390,free,61,2026-04-13
user_391,User 391,free,82,2026-04-09
user_392,User 392,free,71,2026-02-16
user_393,User 393,free,83,2025-10-29
user_394,User 394,free,61,2025-12-16
user_395,User 395,free,58,2026-03-15
user_396,User 396,premium,181,2026-02-20
user_397,User 397,free,32,2026-02-10
user_398,User 398,free,80,2025-11-26
user_399,User 399,free,90,2025-12-19
user_400,User 400,free,39,2025-11-17
user_401,User 401,premium,134,2026-01-11
user_402,User 402,free,34,2026-01-10
user_403,User 403,free,59,2026-01-23
user_404,User 404,free,56,2025-12-10
user_405,User 405,premium,154,2025-12-05
user_406,User 406,free,67,2025-12-08
user_407,User 407,free,47,2026-01-28
user_408,User 408,free,92,2025-12-14
user_409,User 409,free,58,2026-03-11
user_410,User 410,free,91,2026-02-08
user_411,User 411,free,66,2025-12-03
user_412,User 412,premium,171,2026-01-11
user_413,User 413,free,32,2025-11-13
user_414,User 414,free,40,2026-02-16
user_415,User 415,premium,135,2025-11-28
user_416,User 416,free,56,2026-01-04
user_417,User 417,premium,195,2025-11-29
user_418,User 418,free,74,2026-04-05
user_419,User 419,vip,404,2025-11-15
user_420,User 420,free,69,2026-01-13
user_421,User 421,free,80,2025-11-18
user_422,User 422,free,30,2026-02-08
user_423,User 423,free,99,2026-03-26
user_424,User 424,free,44,2026-04-04
user_425,User 425,premium,157,2026-03-18
user_426,User 426,premium,132,2025-12-04
user_427,User 427,premium,189,2026-01-26
user_428,User 428,free,65,2025-10-29
user_429,User 429,free,51,2026-04-14
user_430,User 430,premium,136,2026-02-05
user_431,User 431,free,54,2026-03-06
user_432,User 432,free,62,2025-11-04
user_433,User 433,free,46,2026-04-13
user_434,User 434,premium,138,2026-04-09
user_435,User 435,premium,165,2025-11-11
user_436,User 436,free,83,2025-12-08
user_437,User 437,free,100,2026-02-21
user_438,User 438,free,90,2026-01-04
user_439,User 439,free,67,2026-01-12
user_440,User 440,free,66,2026-01-11
user_441,User 441,premium,131,2025-12-21
user_442,User 442,free,56,2025-12-21
user_443,User 443,free,83,2026-03-10
user_444,User 444,free,84,2025-11-27
user_445,User 445,free,48,2026-02-18
user_446,User 446,free,43,2026-02-16
user_447,User 447,vip,434,2025-10-31
user_448,User 448,premium,148,2026-03-06
user_449,User 449,free,98,2025-12-14
user_450,User 450,free,79,2025-12-31
user_451,User 451,free,54,2026-01-21
user_452,User 452,free,87,2026-03-17
user_453,User 453,free,99,2025-11-26
user_454,User 454,free,65,2026-02-08
user_455,User 455,free,96,2025-12-07
user_456,User 456,free,45,2026-01-11
user_457,User 457,free,92,2025-12-17
user_458,User 458,free,97,2025-11-23
user_459,User 459,free,45,2026-01-03
user_460,User 460,free,62,2026-02-02
user_461,User 461,free,88,2026-01-19
user_462,User 462,free,79,2026-04-08
user_463,User 463,free,35,2025-12-19
user_464,User 464,free,77,2026-01-15
user_465,User 465,free,54,2025-11-11
user_466,User 466,free,31,2025-12-30
user_467,User 467,free,88,2026-03-28
user_468,User 468,free,58,2026-02-15
user_469,User 469,free,64,2025-11-21
user_470,User 470,premium,175,2026-04-06
user_471,User 471,free,83,2025-12-25
user_472,User 472,free,81,2026-01-07
user_473,User 473,premium,153,2025-11-17
user_474,User 474,free,91,2025-12-06
user_475,User 475,premium,193,2026-02-02
user_476,User 476,free,41,2025-11-04
user_477,User 477,free,43,2026-01-28
user_478,User 478,free,84,2026-03-02
user_479,User 479,free,67,2026-02-18
user_480,User 480,premium,149,2026-02-23
user_481,User 481,free,73,2025-11-29
user_482,User 482,free,70,2026-04-15
user_483,User 483,free,91,2026-03-04
user_484,User 484,free,63,2026-02-12
user_485,User 485,free,34,2025-12-03
user_486,User 486,premium,136,2026-03-11
user_487,User 487,free,78,2025-12-14
user_488,User 488,free,69,2026-03-20
user_489,User 489,premium,166,2025-12-23
user_490,User 490,free,46,2026-03-30
user_491,User 491,free,94,2026-02-01
user_492,User 492,free,82,2025-12-12
user_493,User 493,free,46,2026-02-12
user_494,User 494,premium,158,2026-03-01
user_495,User 495,free,77,2025-12-06
user_496,User 496,free,85,2025-12-18
user_497,User 497,free,57,2025-12-03
user_498,User 498,free,71,2025-11-04
user_499,User 499,free,69,2026-02-28
user_500,User 500,free,80,2026-01-08
user_501,User 501,premium,143,2026-03-03
user_502,User 502,free,45,2025-12-01
user_503,User 503,free,43,2025-12-23
user_504,User 504,free,35,2026-04-07
user_505,User 505,free,87,2026-04-09
user_506,User 506,free,45,2026-04-03
user_507,User 507,free,45,2025-11-22
user_508,User 508,free,74,2026-02-22
user_509,User 509,premium,161,2026-01-06
user_510,User 510,premium,169,2026-04-11
user_511,User 511,premium,138,2025-11-30
user_512,User 512,free,35,2026-01-04
user_513,User 513,free,92,2026-04-07
user_514,User 514,premium,143,2026-04-13
user_515,User 515,premium,193,2025-11-26
user_516,User 516,premium,173,2026-04-01
user_517,User 517,premium,162,2026-02-12
user_518,User 518,free,55,2025-11-01
user_519,User 519,free,68,2026-01-14
user_520,User 520,free,43,2025-11-15
user_521,User 521,free,31,2025-11-09
user_522,User 522,free,86,2026-03-14
user_523,User 523,free,65,2025-10-25
user_524,User 524,premium,162,2026-03-01
user_525,User 525,free,49,2025-11-01
user_526,User 526,free,35,2026-03-11
user_527,User 527,premium,170,2025-12-03
user_528,User 528,premium,162,2025-10-31
user_529,User 529,free,85,2025-11-19
user_530,User 530,free,53,2026-03-12
user_531,User 531,premium,130,2026-03-02
user_532,User 532,premium,196,2025-12-09
user_533,User 533,free,91,2025-12-23
user_534,User 534,premium,147,2025-12-12
user_535,User 535,free,45,2025-12-16
user_536,User 536,free,62,2025-11-15
user_537,User 537,premium,174,2026-04-14
user_538,User 538,vip,447,2026-04-10
user_539,User 539,free,72,2026-01-26
user_540,User 540,free,64,2026-01-21
user_541,User 541,free,72,2026-02-28
user_542,User 542,free,39,2026-02-25
user_543,User 543,free,76,2026-03-29
user_544,User 544,premium,197,2026-03-21
user_545,User 545,free,53,2026-02-02
user_546,User 546,premium,184,2025-11-23
user_547,User 547,premium,145,2026-02-08
user_548,User 548,premium,131,2026-03-22
user_549,User 549,free,93,2026-02-25
user_550,User 550,premium,182,2025-11-18
user_551,User 551,free,92,2025-12-23
user_552,User 552,free,63,2025-12-07
user_553,User 553,free,34,2026-02-16
user_554,User 554,free,64,2025-12-03
user_555,User 555,free,63,2026-02-03
user_556,User 556,free,47,2025-11-15
user_557,User 557,free,45,2026-03-22
user_558,User 558,premium,163,2026-04-08
user_559,User 559,free,78,2026-04-19
user_560,User 560,free,48,2025-11-14
user_561,User 561,vip,435,2026-03-16
user_562,User 562,free,57,2025-12-14
user_563,User 563,premium,185,2025-11-28
user_564,User 564,premium,183,2025-12-13
user_565,User 565,free,72,2026-01-03
user_566,User 566,free,43,2026-03-10
user_567,User 567,free,67,2025-12-05
user_568,User 568,free,76,2026-03-18
user_569,User 569,free,78,2025-11-13
user_570,User 570,free,41,2025-11-20
user_571,User 571,free,93,2025-11-18
user_572,User 572,premium,141,2026-01-07
user_573,User 573,free,72,2025-12-02
user_574,User 574,premium,154,2026-02-19
user_575,User 575,free,58,2026-01-28
user_576,User 576,premium,131,2026-01-22
user_577,User 577,vip,409,2026-03-01
user_578,User 578,free,94,2026-03-06
user_579,User 579,vip,428,2026-03-02
user_580,User 580,premium,163,2025-12-19
user_581,User 581,premium,182,2025-11-12
user_582,User 582,premium,190,2026-01-26
user_583,User 583,premium,181,2026-04-07
user_584,User 584,free,38,2026-02-15
user_585,User 585,premium,140,2026-01-27
user_586,User 586,free,74,2025-12-12
user_587,User 587,free,99,2025-12-06
user_588,User 588,free,80,2026-01-05
user_589,User 589,free,34,2026-03-03
user_590,User 590,free,40,2026-01-07
user_591,User 591,free,92,2025-11-11
user_592,User 592,premium,159,2026-02-07
user_593,User 593,free,54,2026-02-26
user_594,User 594,free,94,2026-02-23
user_595,User 595,free,81,2026-02-23
user_596,User 596,free,92,2025-11-22
user_597,User 597,free,75,2026-03-31
user_598,User 598,free,87,2026-01-30
user_599,User 599,premium,136,2026-04-09
user_600,User 600,free,41,2026-02-07
user_601,User 601,premium,153,2026-01-09
user_602,User 602,free,60,2026-03-30
user_603,User 603,free,39,2026-02-09
user_604,User 604,free,57,2026-01-09
user_605,User 605,vip,447,2025-12-31
user_606,User 606,free,94,2025-12-23
user_607,User 607,premium,133,2026-01-22
user_608,User 608,vip,445,2025-10-26
user_609,User 609,free,87,2026-03-28
user_610,User 610,premium,170,2026-01-07
user_611,User 611,free,34,2026-01-22
user_612,User 612,free,78,2025-12-15
user_613,User 613,premium,138,2026-01-19
user_614,User 614,free,96,2026-04-11
user_615,User 615,vip,424,2025-11-11
user_616,User 616,free,76,2025-11-16
user_617,User 617,free,80,2025-10-25
user_618,User 618,free,89,2025-11-01
user_619,User 619,free,99,2026-01-04
user_620,User 620,vip,396,2025-12-05
user_621,User 621,free,95,2025-12-27
user_622,User 622,free,42,2026-01-11
user_623,User 623,free,73,2026-01-06
user_624,User 624,free,85,2026-01-31
user_625,User 625,premium,130,2025-11-18
user_626,User 626,free,82,2026-01-28
user_627,User 627,premium,199,2026-03-11
user_628,User 628,premium,151,2026-01-09
user_629,User 629,premium,195,2026-01-12
user_630,User 630,premium,134,2026-02-13
user_631,User 631,free,41,2025-12-27
user_632,User 632,premium,136,2025-11-27
user_633,User 633,premium,144,2026-03-01
user_634,User 634,free,75,2025-11-15
user_635,User 635,free,48,2025-11-27
user_636,User 636,free,31,2026-04-15
user_637,User 637,premium,194,2026-01-15
user_638,User 638,free,81,2026-02-11
user_639,User 639,free,47,2025-11-03
user_640,User 640,free,30,2025-12-12
user_641,User 641,free,71,2025-11-26
user_642,User 642,free,73,2025-11-27
user_643,User 643,free,66,2026-04-01
user_644,User 644,free,32,2026-03-24
user_645,User 645,free,67,2026-03-07
user_646,User 646,free,80,2025-12-23
user_647,User 647,free,76,2026-01-30
user_648,User 648,premium,189,2026-02-17
user_649,User 649,free,98,2026-02-08
user_650,User 650,free,38,2026-01-19
user_651,User 651,free,65,2026-01-03
user_652,User 652,free,41,2026-02-22
user_653,User 653,premium,170,2026-04-12
user_654,User 654,premium,184,2026-03-19
user_655,User 655,free,39,2025-10-26
user_656,User 656,free,79,2026-03-24
user_657,User 657,free,99,2026-02-23
user_658,User 658,free,45,2026-04-21
user_659,User 659,free,57,2026-03-07
user_660,User 660,free,88,2026-03-03
user_661,User 661,premium,142,2026-02-17
user_662,User 662,free,53,2025-11-29
user_663,User 663,premium,170,2026-03-27
user_664,User 664,free,49,2026-02-13
user_665,User 665,free,54,2026-03-31
user_666,User 666,free,81,2026-01-01
user_667,User 667,free,95,2026-04-06
user_668,User 668,free,31,2025-11-25
user_669,User 669,premium,192,2025-12-15
user_670,User 670,premium,161,2026-01-10
user_671,User 671,free,47,2026-01-30
user_672,User 672,free,86,2026-01-03
user_673,User 673,premium,132,2025-10-31
user_674,User 674,free,83,2025-11-11
user_675,User 675,premium,142,2025-11-07
user_676,User 676,free,65,2025-12-26
user_677,User 677,premium,133,2025-11-12
user_678,User 678,vip,445,2025-11-06
user_679,User 679,premium,149,2026-03-25
user_680,User 680,free,73,2025-10-31
user_681,User 681,premium,157,2026-04-12
user_682,User 682,free,93,2026-01-18
user_683,User 683,free,68,2025-12-18
user_684,User 684,free,84,2025-12-31
user_685,User 685,free,51,2026-01-20
user_686,User 686,premium,151,2025-12-12
user_687,User 687,free,39,2025-12-06
user_688,User 688,free,46,2025-11-15
user_689,User 689,free,46,2025-12-06
user_690,User 690,free,49,2025-11-08
user_691,User 691,free,31,2026-03-03
user_692,User 692,free,42,2026-04-15
user_693,User 693,free,32,2025-11-16
user_694,User 694,premium,177,2026-02-01
user_695,User 695,premium,186,2025-11-03
user_696,User 696,premium,140,2025-12-02
user_697,User 697,free,48,2026-01-29
user_698,User 698,premium,198,2026-03-29
user_699,User 699,free,41,2026-02-04
user_700,User 700,free,90,2025-12-24
user_701,User 701,free,35,2025-11-20
user_702,User 702,free,34,2025-12-31
user_703,User 703,free,73,2026-03-14
user_704,User 704,premium,182,2026-01-28
user_705,User 705,premium,135,2025-12-17
user_706,User 706,free,60,2026-03-29
user_707,User 707,free,46,2025-11-04
user_708,User 708,free,83,2026-04-05
user_709,User 709,free,44,2026-03-01
user_710,User 710,free,80,2026-04-04
user_711,User 711,free,85,2026-02-26
user_712,User 712,free,79,2026-01-17
user_713,User 713,premium,134,2026-03-04
user_714,User 714,free,68,2025-10-30
user_715,User 715,premium,161,2025-12-17
user_716,User 716,premium,148,2026-03-30
user_717,User 717,vip,432,2026-03-03
user_718,User 718,free,63,2025-12-16
user_719,User 719,free,74,2025-12-02
user_720,User 720,free,70,2025-12-10
user_721,User 721,premium,138,2025-11-19
user_722,User 722,vip,421,2026-02-13
user_723,User 723,free,34,2026-04-22
user_724,User 724,premium,170,2026-01-29
user_725,User 725,free,51,2025-12-09
user_726,User 726,vip,388,2025-12-23
user_727,User 727,free,87,2026-03-17
user_728,User 728,free,41,2025-12-01
user_729,User 729,free,74,2026-01-10
user_730,User 730,free,73,2025-10-26
user_731,User 731,free,86,2025-12-26
user_732,User 732,free,96,2026-03-07
user_733,User 733,free,52,2025-11-24
user_734,User 734,free,79,2025-11-14
user_735,User 735,free,42,2026-02-15
user_736,User 736,free,80,2025-11-02
user_737,User 737,premium,133,2025-12-04
user_738,User 738,free,84,2025-11-03
user_739,User 739,free,47,2026-02-08
user_740,User 740,free,95,2025-12-08
user_741,User 741,free,95,2026-04-16
user_742,User 742,free,56,2026-01-18
user_743,User 743,free,68,2025-12-11
user_744,User 744,free,35,2026-04-15
user_745,User 745,premium,166,2026-02-05
user_746,User 746,free,75,2026-04-12
user_747,User 747,free,50,2025-11-15
user_748,User 748,free,42,2026-01-29
user_749,User 749,free,39,2026-03-14
user_750,User 750,premium,197,2026-02-19
user_751,User 751,free,31,2025-11-16
user_752,User 752,premium,175,2026-03-28
user_753,User 753,premium,150,2026-01-23
user_754,User 754,free,52,2025-11-04
user_755,User 755,free,83,2026-01-21
user_756,User 756,free,67,2025-12-28
user_757,User 757,free,51,2025-12-07
user_758,User 758,free,98,2025-12-11
user_759,User 759,premium,186,2026-03-17
user_760,User 760,free,30,2026-02-25
user_761,User 761,premium,161,2026-04-03
user_762,User 762,free,67,2025-11-23
user_763,User 763,free,41,2026-04-03
user_764,User 764,free,45,2025-11-01
user_765,User 765,free,42,2025-10-30
user_766,User 766,free,89,2026-01-15
user_767,User 767,free,52,2026-02-05
user_768,User 768,free,81,2026-04-05
user_769,User 769,free,82,2025-11-09
user_770,User 770,premium,163,2025-12-26
user_771,User 771,free,88,2026-01-24
user_772,User 772,free,46,2026-04-07
user_773,User 773,free,66,2025-11-19
user_774,User 774,vip,448,2026-04-13
user_775,User 775,free,47,2025-12-21
user_776,User 776,free,90,2025-11-24
user_777,User 777,premium,154,2026-03-08
user_778,User 778,free,49,2026-03-03
user_779,User 779,free,82,2025-11-09
user_780,User 780,free,57,2026-03-04
user_781,User 781,free,75,2025-12-21
user_782,User 782,free,34,2026-03-29
user_783,User 783,free,47,2026-03-20
user_784,User 784,premium,157,2026-03-10
user_785,User 785,free,73,2025-10-31
user_786,User 786,premium,143,2026-02-06
user_787,User 787,vip,402,2025-11-07
user_788,User 788,free,86,2026-02-28
user_789,User 789,premium,131,2025-12-03
user_790,User 790,free,57,2025-12-04
user_791,User 791,free,54,2026-01-08
user_792,User 792,premium,132,2026-02-15
user_793,User 793,premium,137,2025-11-09
user_794,User 794,free,38,2025-11-05
user_795,User 795,premium,161,2026-01-02
user_796,User 796,premium,162,2026-03-31
user_797,User 797,free,40,2025-12-21
user_798,User 798,vip,436,2026-01-28
user_799,User 799,premium,183,2025-12-17
user_800,User 800,premium,179,2026-01-13
user_801,User 801,free,58,2026-02-06
user_802,User 802,premium,200,2026-03-02
user_803,User 803,free,80,2026-04-19
user_804,User 804,vip,425,2026-01-02
user_805,User 805,free,42,2026-04-02
user_806,User 806,premium,162,2025-12-21
user_807,User 807,premium,132,2026-02-25
user_808,User 808,free,74,2026-02-23
user_809,User 809,free,39,2025-11-27
user_810,User 810,premium,196,2026-02-08
user_811,User 811,free,64,2026-03-08
user_812,User 812,vip,432,2026-04-09
user_813,User 813,free,33,2026-01-05
user_814,User 814,premium,185,2026-02-07
user_815,User 815,free,59,2026-02-21
user_816,User 816,premium,158,2025-12-17
user_817,User 817,premium,166,2026-03-09
user_818,User 818,premium,168,2026-03-04
user_819,User 819,free,82,2026-02-05
user_820,User 820,free,95,2026-01-16
user_821,User 821,free,100,2026-01-12
user_822,User 822,free,49,2026-04-04
user_823,User 823,free,42,2025-11-22
user_824,User 824,free,33,2026-01-03
user_825,User 825,free,41,2026-01-06
user_826,User 826,free,56,2026-03-21
user_827,User 827,premium,158,2025-12-05
user_828,User 828,free,30,2026-01-02
user_829,User 829,free,89,2026-01-30
user_830,User 830,free,33,2026-03-28
user_831,User 831,free,41,2026-03-12
user_832,User 832,premium,166,2026-03-07
user_833,User 833,premium,195,2025-12-17
user_834,User 834,premium,145,2026-01-15
user_835,User 835,premium,152,2026-01-15
user_836,User 836,premium,146,2026-02-20
user_837,User 837,free,58,2025-11-09
user_838,User 838,free,75,2026-01-21
user_839,User 839,free,61,2025-12-08
user_840,User 840,free,90,2026-02-21
user_841,User 841,free,94,2026-04-17
user_842,User 842,premium,143,2026-04-05
user_843,User 843,premium,131,2026-01-20
user_844,User 844,free,86,2025-12-10
user_845,User 845,free,77,2026-04-04
user_846,User 846,free,74,2026-04-21
user_847,User 847,free,42,2026-01-29
user_848,User 848,free,95,2025-12-04
user_849,User 849,free,96,2025-12-09
user_850,User 850,free,47,2025-11-05
user_851,User 851,free,58,2026-02-18
user_852,User 852,free,98,2025-12-16
user_853,User 853,free,100,2025-12-03
user_854,User 854,premium,190,2026-03-17
user_855,User 855,free,83,2025-11-20
user_856,User 856,free,41,2026-02-20
user_857,User 857,free,94,2026-01-23
user_858,User 858,free,31,2025-12-17
user_859,User 859,free,54,2025-12-13
user_860,User 860,free,93,2025-11-25
user_861,User 861,free,60,2025-11-24
user_862,User 862,free,54,2025-12-27
user_863,User 863,free,54,2026-04-19
user_864,User 864,free,88,2026-03-08
user_865,User 865,free,45,2026-01-18
user_866,User 866,premium,184,2025-12-31
user_867,User 867,free,55,2025-11-04
user_868,User 868,free,83,2026-03-01
user_869,User 869,premium,181,2026-04-12
user_870,User 870,premium,147,2026-02-05
user_871,User 871,free,90,2025-11-07
user_872,User 872,free,74,2026-02-15
user_873,User 873,free,84,2025-12-31
user_874,User 874,free,77,2026-04-09
user_875,User 875,free,58,2026-03-08
user_876,User 876,premium,152,2025-12-04
user_877,User 877,free,89,2025-12-24
user_878,User 878,premium,194,2025-12-30
user_879,User 879,free,42,2026-03-14
user_880,User 880,free,33,2026-03-19
user_881,User 881,free,87,2026-03-07
user_882,User 882,free,56,2026-04-19
user_883,User 883,free,74,2026-02-07
user_884,User 884,premium,181,2026-02-03
user_885,User 885,free,32,2025-11-15
user_886,User 886,free,78,2026-03-10
user_887,User 887,free,100,2026-01-27
user_888,User 888,free,91,2026-04-03
user_889,User 889,free,55,2026-01-16
user_890,User 890,free,74,2026-01-19
user_891,User 891,free,78,2026-01-29
user_892,User 892,free,63,2026-02-05
user_893,User 893,premium,196,2026-01-16
user_894,User 894,premium,181,2026-03-25
user_895,User 895,free,50,2026-03-22
user_896,User 896,free,50,2025-11-08
user_897,User 897,free,42,2026-01-31
user_898,User 898,free,50,2025-12-30
user_899,User 899,free,81,2025-12-21
user_900,User 900,free,41,2025-11-21
user_901,User 901,premium,148,2025-11-03
user_902,User 902,free,50,2026-02-03
user_903,User 903,free,38,2026-02-10
user_904,User 904,free,73,2025-11-11
user_905,User 905,free,63,2026-01-26
user_906,User 906,free,37,2026-01-06
user_907,User 907,free,97,2026-04-10
user_908,User 908,premium,193,2025-11-27
user_909,User 909,free,84,2025-12-30
user_910,User 910,free,62,2026-02-14
user_911,User 911,free,44,2026-03-18
user_912,User 912,free,91,2025-11-06
user_913,User 913,free,48,2026-01-27
user_914,User 914,premium,151,2026-02-12
user_915,User 915,premium,177,2026-03-19
user_916,User 916,premium,135,2026-01-09
user_917,User 917,free,74,2026-01-30
user_918,User 918,free,45,2025-11-04
user_919,User 919,free,33,2026-02-27
user_920,User 920,premium,149,2026-02-27
user_921,User 921,free,75,2025-11-05
user_922,User 922,free,63,2026-04-20
user_923,User 923,premium,134,2026-04-18
user_924,User 924,premium,179,2025-12-10
user_925,User 925,vip,432,2026-01-20
user_926,User 926,free,74,2025-11-30
user_927,User 927,premium,197,2025-11-21
user_928,User 928,vip,437,2025-10-29
user_929,User 929,premium,155,2026-03-16
user_930,User 930,free,72,2025-12-25
user_931,User 931,premium,175,2026-01-14
user_932,User 932,free,42,2025-11-19
user_933,User 933,free,64,2025-12-31
user_934,User 934,free,49,2025-10-27
user_935,User 935,premium,154,2025-10-31
user_936,User 936,premium,135,2026-02-16
user_937,User 937,premium,136,2026-02-08
user_938,User 938,vip,383,2025-11-27
user_939,User 939,premium,196,2026-02-25
user_940,User 940,premium,164,2025-11-18
user_941,User 941,free,82,2025-12-12
user_942,User 942,free,94,2026-02-07
user_943,User 943,free,68,2026-03-28
user_944,User 944,premium,199,2026-03-31
user_945,User 945,free,46,2026-01-24
user_946,User 946,free,30,2025-11-26
user_947,User 947,vip,381,2026-01-14
user_948,User 948,free,72,2026-01-06
user_949,User 949,free,85,2026-03-04
user_950,User 950,free,65,2025-12-15
user_951,User 951,free,100,2025-12-28
user_952,User 952,free,87,2026-04-17
user_953,User 953,premium,149,2025-11-15
user_954,User 954,premium,136,2026-03-14
user_955,User 955,free,84,2026-02-07
user_956,User 956,premium,138,2026-03-30
user_957,User 957,free,79,2026-02-19
user_958,User 958,premium,154,2025-10-28
user_959,User 959,free,83,2025-12-25
user_960,User 960,premium,132,2026-01-03
user_961,User 961,free,92,2026-02-03
user_962,User 962,free,56,2025-12-10
user_963,User 963,vip,431,2026-02-06
user_964,User 964,free,49,2026-03-20
user_965,User 965,premium,134,2025-11-17
user_966,User 966,free,39,2026-01-13
user_967,User 967,free,30,2025-11-24
user_968,User 968,free,74,2026-01-21
user_969,User 969,free,30,2026-02-22
user_970,User 970,free,97,2026-02-13
user_971,User 971,free,63,2025-12-28
user_972,User 972,free,51,2025-11-20
user_973,User 973,vip,384,2026-01-07
user_974,User 974,premium,169,2026-01-04
user_975,User 975,premium,131,2026-02-19
user_976,User 976,premium,191,2026-04-18
user_977,User 977,free,32,2026-03-06
user_978,User 978,free,59,2025-11-20
user_979,User 979,vip,384,2026-01-21
user_980,User 980,free,41,2026-02-02
user_981,User 981,free,48,2025-11-04
user_982,User 982,free,48,2026-02-02
user_983,User 983,free,64,2026-04-06
user_984,User 984,vip,428,2025-12-12
user_985,User 985,free,65,2026-02-16
user_986,User 986,vip,434,2026-02-27
user_987,User 987,free,49,2026-01-22
user_988,User 988,free,98,2026-03-10
user_989,User 989,premium,188,2026-01-10
user_990,User 990,free,37,2026-04-12
user_991,User 991,premium,168,2025-12-16
user_992,User 992,free,94,2026-02-23
user_993,User 993,free,94,2026-01-07
user_994,User 994,free,48,2025-12-26
user_995,User 995,free,38,2026-04-08
user_996,User 996,free,67,2026-03-14
user_997,User 997,vip,421,2026-03-16
user_998,User 998,free,49,2026-01-28
user_999,User 999,premium,130,2025-12-13
user_1000,User 1000,premium,135,2026-03-13
